{
  "patientInfo": {
    "name": "John Michael Doe",
    "dob": "01/15/1980",
    "age": 44,
    "sex": "Male",
    "memberId": "BCBS123456789",
    "phone": "(555) 123-4567",
    "email": "john.doe@email.com",
    "address": "123 Main Street, Anytown, ST 12345"
  },
  "insuranceInfo": {
    "company": "Blue Cross Blue Shield",
    "planType": "PPO",
    "policyNumber": "POL987654321",
    "groupNumber": "GRP001",
    "effectiveDate": "01/01/2024",
    "terminationDate": "12/31/2024"
  },
  "providerInfo": {
    "name": "Dr. Sarah Smith, MD",
    "npi": "1122334455",
    "specialty": "Neurology",
    "phone": "(555) 246-8135",
    "fax": "(555) 246-8136",
    "address": "456 Neurology Center Dr, Anytown, ST 12345",
    "facility": "Anytown Neurology Institute",
    "taxId": "11-2233445"
  },
  "serviceRequested": {
    "serviceType": "MRI Brain with Contrast",
    "cptCode": "70553",
    "icd10Code": "R51 - Headache",
    "numberOfTreatments": 1,
    "requestedDate": "12/20/2024",
    "placeOfService": "Outpatient"
  },
  "clinicalJustification": {
    "medicalNecessity": "Patient presents with persistent headaches and dizziness for 3 weeks. Physical examination reveals no focal neurological deficits. MRI brain with contrast is medically necessary to rule out intracranial pathology including mass lesions, vascular abnormalities, or acute stroke. Clinical guidelines support MRI imaging for persistent headaches with associated symptoms.",
    "clinicalFindings": [
      "Persistent headaches (3 weeks)",
      "Associated dizziness",
      "No focal neurological symptoms",
      "No response to OTC medications"
    ],
    "priorTreatments": [
      "OTC medications (no relief)",
      "Rest (minimal relief)"
    ]
  },
  "supportingDocumentation": [
    "Physician Notes (12/15/2024)",
    "Laboratory Results (CBC, CMP)",
    "Patient Medical History",
    "Insurance Card Copy",
    "Neurology Consultation"
  ],
  "authorizationDetails": {
    "dateOfRequest": "2024-12-15",
    "urgency": "Routine",
    "requestedStartDate": "2024-12-20",
    "requestedEndDate": "2024-12-20",
    "alternativeTreatmentConsidered": false
  },
  "signatures": {
    "providerSignature": "Dr. Sarah Smith, MD",
    "providerDate": "2024-12-15",
    "patientConsent": "John M. Doe",
    "patientDate": "2024-12-15",
    "electronicSignature": "Applied",
    "timestamp": "2024-12-15 14:30:25"
  },
  "formMetadata": {
    "formId": "PA-2024-001234",
    "submissionDeadline": "5 business days prior to service",
    "authorizationPhone": "(555) 800-AUTH",
    "onlinePortal": "www.bcbs.com/pa",
    "providerPortal": "https://provider.bcbs.com"
  }
}
